pathway	ECOL-K12	ECOL-DH1	ECOL-PNG	BAPH-SCH	BAPH-5AX	BUCH-PNG	BSUB-XXX	BANT-AMA	BACI-PNG	SPYO-SF3	SPNE-705	STRE-PNG	PABY-XXX	PHOR-XXX	PYRO-PNG
LEUB-001	1	1.33333333333333	0.5	0.618055555555556	0.666666666666667	0.333333333333333	1.91666666666667	2	2	0.444444444444444	0	0.666666666666667	1.91304347826087	1.16666666666667	2.5
TCAC-PRO	0.694444444444444	0.777777777777778	0.555555555555556	0.519675925925926	0.5	0.388888888888889	1.75783475783476	1.83333333333333	1.5	0.333333333333333	0.222222222222222	0.388888888888889	2.10386473429952	1.77777777777778	3
METH-001	0.833333333333333	1	0.833333333333333	1.21527777777778	1.5	0.666666666666667	2.95726495726496	3	2.5	0.166666666666667	0.166666666666667	0.166666666666667	1.69202898550725	1.83333333333333	2
ISOL-THR	0.545454545454545	0.727272727272727	0.272727272727273	0.770833333333333	1.27272727272727	0.181818181818182	3.01165501165501	3.27272727272727	2.45454545454545	0.712121212121212	0.727272727272727	0.727272727272727	3.34189723320158	2.45454545454545	5.81818181818182
LYSI-001	1.30555555555556	1.33333333333333	1.55555555555556	1.16666666666667	1.88888888888889	0.333333333333333	3.46866096866097	3.44444444444444	3.33333333333333	1.74074074074074	1.77777777777778	1.88888888888889	3.43478260869565	3.77777777777778	5
BIOT-001	1.02272727272727	1.09090909090909	0.909090909090909	0.956439393939394	0.818181818181818	0.818181818181818	5.17948717948718	5	7.09090909090909	0.818181818181818	0.909090909090909	0.727272727272727	4.33794466403162	4.18181818181818	4.54545454545455
GLYC-VPY	1.375	1.375	1.375	0.255208333333333	0.25	0.25	0.458333333333333	0.5	0.25	0.25	0.25	0.25	0.603260869565217	0.625	1.125
LYSI-002	0.708333333333333	0.75	0.75	0.612847222222222	0.916666666666667	0.166666666666667	2.1784188034188	1.91666666666667	2.25	0.763888888888889	0.75	0.833333333333333	1.71920289855072	1.83333333333333	2.58333333333333
BIOT-002	1.05	1.2	1.2	0.0666666666666667	0	0	2.78205128205128	2.8	2.4	0.6	0.8	0.6	2.3	2.2	3
